name,target_gene,pcr_primer_forward,pcr_primer_reverse,pcr_primer_name_forward,pcr_primer_name_reverse,pcr_primer_reference
teleo,12S,ACACCGCCCGTCACTCT,CTTCCGGTACACTTACCATG,teleoF,teleoR,https://doi.org/10.1111/mec.13428
sper01,trnL,GGGCAATCCTGAGCCAA,CCATTGAGTCTCTGCACCTATC,sper01F,sper01R,https://doi.org/10.1093/nar/gkl938
vert01,12S,TTAGATACCCCACTATGC,TAGAACAGGCTCCTCTAG,vert01F,vert01R,https://doi.org/10.1093/nar/gkr732
mamm01,12S,CCGCCCGTCACYCTCCT,GTAYRCTTACCWTGTTACGAC,mamm01F,mamm01R,https://doi.org/10.1093/oso/9780198767220.001.0001 
chon01,12S,ACACCGCCCGTCACTCTC,CATGTTACGACTTGCCTCCTC,chon01F,chon01R,https://doi.org/10.1093/oso/9780198767220.001.0001 
euka,18S,TTGTACACACCGCCC,CCTTCYGCAGGTTCACCTAC,1389F,1510R, https://doi.org/10.1371/journal.pone.0006372
amph16S,16S,ACGAGAAGACCCYRTGGARCTT,ATCCAACATCGAGGTCGTAA,Amph_16S_1070F,Amph_16S_1340R,https://doi.org/10.3897/mbmg.6.76534
batra,12S,GTAYACTTACCATGTTACGACTT,TCACCCTCCTCAAGTATACTTCAAAGGCA,batra_F_L3541,batra_R_H3596,https://doi.org/10.1111/mec.13428
cytb,CytB,AAAAACCACCGTTGTTATTCAACTA,GCDCCTCARAATGAYATTTGTCCTCA,CytB_L14841,CytB_15149R,https://doi.org/10.1073/pnas.86.16.6196
ins16S,16S,GGACGAGAAGACCCTWTAGA,ATCCAACATCGAGGTCGCAA,ins16SF,ins16SR,https://doi.org/10.7717/peerj.1966
mifish,12S,GTCGGTAAAACTCGTGCCAGC,CATAGTGGGGTATCTAATCCCAGTTTG,MiFish-U-F,MiFish-U-R,https://doi.org/10.1098/rsos.150088
mam07,16S,CGAGAAGACCCTATGGAGCT,CCGAGGTCRCCCCAACC,MamP007F,MamP007R,https://doi.org/10.1038/ncomms4211
vene, 16S, CSCTGTTATCCCYRCGGTA, TTDTAAAAGACGAGAAGACCC, VeneridaF, VeneridaR, https://doi.org/10.1007/s10750-020-04260-8
unio, 16S, GCTGTTATCCCCGGGGTAR, AAGACGAAAAGACCCCGC, UnionidaF, UnionidaR, https://doi.org/10.1007/s10750-020-04260-8
euka3, 18S, CCCTTTGTACACACCGCC, CTTCYGCAGGTTCACCTAC, Pera02F, Pera02R, https://doi.org/10.1093/oso/9780198767220.001.0001